,uniprot_id,u_pos,code,is_reference,upos_id
0,P04035,559,Glu,True,P04035_559
1,P04035,691,Lys,True,P04035_691
2,P04035,767,Asp,True,P04035_767
3,P04035,866,His,True,P04035_866
18,P35520,119,Lys,True,P35520_119
23,P35557,169,Lys,True,P35557_169
24,P35557,205,Asp,True,P35557_205
30,P60484,92,Asp,True,P60484_92
31,P60484,124,Cys,True,P60484_124
32,P60484,130,Arg,True,P60484_130
33,P62593,68,Ser,True,P62593_68
34,P62593,71,Lys,True,P62593_71
35,P62593,128,Ser,True,P62593_128
36,P62593,164,Glu,True,P62593_164
37,P62593,232,Lys,True,P62593_232
38,P62593,235,Ala,True,P62593_235
